{"count":1,"self":63.58,"total":14330.460147099999,"children":{"AgentSendState":{"count":86884,"self":2.3564271999999997,"total":7.8448772999999994,"children":{"CollectObservations":{"count":312804,"self":1.0578017,"total":1.0578017,"children":null},"CollectDiscreteActionMasks":{"count":312804,"self":0.3018241,"total":0.3018241,"children":null},"AgentInfo.ToProto":{"count":312804,"self":1.3741945,"total":4.1288244,"children":{"GenerateSensorData":{"count":312804,"self":2.7546299999999997,"total":2.7546299,"children":null}}}}},"DecideAction":{"count":86884,"self":14250.940825599999,"total":14250.9405102,"children":null},"AgentAct":{"count":86884,"self":7.4696767999999993,"total":8.0897598,"children":{"AgentInfo.ToProto":{"count":26660,"self":0.22619489999999998,"total":0.6200829,"children":{"GenerateSensorData":{"count":26660,"self":0.39388799999999996,"total":0.39388799999999996,"children":null}}}}}},"gauges":{"RollerBall.CumulativeReward":{"count":26660,"max":23.5199852,"min":-2.799999,"runningAverage":2.31267333,"value":-1.96999991,"weightedAverage":-1.96268082}},"metadata":{"timer_format_version":"0.1.0","start_time_seconds":"1605150585","unity_version":"2020.1.13f1","command_line_arguments":"C:\\Users\\mailw\\Documents\\UnityProjects\\MLScratch2020\\training_envs\\6\\MLScratch2020.exe --mlagents-port 5011 -logFile c:\\Users\\mailw\\Downloads\\ml-agents-release_9\\ml-agents-release_9\\results\\000011\\run_logs\\Player-6.log","communication_protocol_version":"1.0.0","com.unity.ml-agents_version":"1.0.5","scene_name":"OwnFirstTry","end_time_seconds":"1605164915"}}