{"count":1,"self":30.9786784,"total":13469.8242331,"children":{"AgentSendState":{"count":50184,"self":0.87386849999999994,"total":2.7735235,"children":{"CollectObservations":{"count":180684,"self":0.3306439,"total":0.3306439,"children":null},"CollectDiscreteActionMasks":{"count":180684,"self":0.10576369999999999,"total":0.10576369999999999,"children":null},"AgentInfo.ToProto":{"count":180684,"self":0.47597249999999997,"total":1.4632474,"children":{"GenerateSensorData":{"count":180684,"self":0.9872749,"total":0.9872749,"children":null}}}}},"DecideAction":{"count":50184,"self":13432.9532416,"total":13432.9535149,"children":null},"AgentAct":{"count":50184,"self":3.012558,"total":3.1165168999999997,"children":{"AgentInfo.ToProto":{"count":5097,"self":0.0349227,"total":0.10395889999999999,"children":{"GenerateSensorData":{"count":5097,"self":0.069036199999999992,"total":0.069036199999999992,"children":null}}}}}},"gauges":{"RollerBall.CumulativeReward":{"count":5097,"max":200.1293,"min":-2.53999925,"runningAverage":13.1369476,"value":184.970276,"weightedAverage":163.3138}},"metadata":{"timer_format_version":"0.1.0","start_time_seconds":"1605184772","unity_version":"2020.1.13f1","command_line_arguments":"C:\\Users\\mailw\\Documents\\UnityProjects\\MLScratch2020\\training_envs\\9\\MLScratch2020.exe --mlagents-port 5023 -logFile c:\\Users\\mailw\\Downloads\\ml-agents-release_9\\ml-agents-release_9\\results\\000013\\run_logs\\Player-18.log","communication_protocol_version":"1.0.0","com.unity.ml-agents_version":"1.0.5","scene_name":"OwnFirstTry","end_time_seconds":"1605198242"}}